{
  "Ansi 6 Color" : {
    "Green Component" : 0.6554722785949707,
    "Blue Component" : 0.6001695990562439,
    "Red Component" : 0.2682477235794067
  },
  "Tags" : [

  ],
  "Ansi 12 Color" : {
    "Green Component" : 0.5865888048111982,
    "Blue Component" : 1,
    "Red Component" : 0.2530191622934183
  },
  "Guid" : "9079FE2A-C415-4042-9F0C-4E3F026516AA",
  "Normal Font" : "Hack-Regular 12",
  "Bold Color" : {
    "Green Component" : 0.9264177680015564,
    "Blue Component" : 0.9262101054191589,
    "Red Component" : 0.9262398481369019
  },
  "Custom Directory" : "No",
  "Ansi 4 Color" : {
    "Green Component" : 0.4982770722741501,
    "Blue Component" : 0.6749681843891402,
    "Red Component" : 0.1650784426346574
  },
  "Ansi 3 Color" : {
    "Green Component" : 0.674033910034048,
    "Blue Component" : 0.2908457949315423,
    "Red Component" : 0.7271457861990951
  },
  "Rows" : 75,
  "Default Bookmark" : "No",
  "Cursor Guide Color" : {
    "Red Component" : 0.65,
    "Color Space" : "Calibrated",
    "Blue Component" : 1,
    "Alpha Component" : 0.25,
    "Green Component" : 0.91
  },
  "Non-ASCII Anti Aliased" : true,
  "Use Bright Bold" : false,
  "Ansi 10 Color" : {
    "Green Component" : 0.7702205882352942,
    "Blue Component" : 0.4380863119291733,
    "Red Component" : 0.5021054769815408
  },
  "Ambiguous Double Width" : false,
  "Jobs to Ignore" : [
    "rlogin",
    "ssh",
    "slogin",
    "telnet"
  ],
  "Ansi 15 Color" : {
    "Green Component" : 0.8470588326454163,
    "Blue Component" : 0.8509804010391235,
    "Red Component" : 0.8235294222831726
  },
  "Foreground Color" : {
    "Green Component" : 0.8470588326454163,
    "Blue Component" : 0.8509804010391235,
    "Red Component" : 0.8235294222831726
  },
  "Working Directory" : "\/Users\/voidedgin",
  "Blinking Cursor" : false,
  "Disable Window Resizing" : true,
  "Sync Title" : false,
  "Prompt Before Closing 2" : false,
  "BM Growl" : true,
  "Command" : "",
  "Description" : "Default",
  "Mouse Reporting" : true,
  "Space" : 0,
  "Screen" : -1,
  "Selection Color" : {
    "Green Component" : 0.9114886522293091,
    "Blue Component" : 0.9311204552650452,
    "Red Component" : 0.8929295539855957
  },
  "Columns" : 150,
  "Idle Code" : 0,
  "Ansi 13 Color" : {
    "Green Component" : 0.3203341443210048,
    "Blue Component" : 0.4607027562479259,
    "Red Component" : 0.9869909502262444
  },
  "Custom Command" : "No",
  "ASCII Anti Aliased" : true,
  "Non Ascii Font" : "Monaco 12",
  "Vertical Spacing" : 1,
  "Use Bold Font" : true,
  "Option Key Sends" : 0,
  "Selected Text Color" : {
    "Green Component" : 0.2495054602622986,
    "Blue Component" : 0.2566864788532257,
    "Red Component" : 0.2462624609470367
  },
  "Background Color" : {
    "Green Component" : 0.1756257861852646,
    "Blue Component" : 0.1818438917398453,
    "Red Component" : 0.1697947680950165
  },
  "Character Encoding" : 4,
  "Ansi 11 Color" : {
    "Green Component" : 0.9232173562049866,
    "Blue Component" : 0.3843397498130798,
    "Red Component" : 1
  },
  "Thin Strokes" : 1,
  "Use Italic Font" : true,
  "Unlimited Scrollback" : false,
  "Keyboard Map" : {
    "0xf700-0x260000" : {
      "Text" : "[1;6A",
      "Action" : 10
    },
    "0x37-0x40000" : {
      "Text" : "0x1f",
      "Action" : 11
    },
    "0x32-0x40000" : {
      "Text" : "0x00",
      "Action" : 11
    },
    "0xf709-0x20000" : {
      "Text" : "[17;2~",
      "Action" : 10
    },
    "0xf70c-0x20000" : {
      "Text" : "[20;2~",
      "Action" : 10
    },
    "0xf729-0x20000" : {
      "Text" : "[1;2H",
      "Action" : 10
    },
    "0xf72b-0x40000" : {
      "Text" : "[1;5F",
      "Action" : 10
    },
    "0xf705-0x20000" : {
      "Text" : "[1;2Q",
      "Action" : 10
    },
    "0xf703-0x260000" : {
      "Text" : "[1;6C",
      "Action" : 10
    },
    "0xf700-0x220000" : {
      "Text" : "[1;2A",
      "Action" : 10
    },
    "0xf701-0x280000" : {
      "Text" : "0x1b 0x1b 0x5b 0x42",
      "Action" : 11
    },
    "0x38-0x40000" : {
      "Text" : "0x7f",
      "Action" : 11
    },
    "0x33-0x40000" : {
      "Text" : "0x1b",
      "Action" : 11
    },
    "0xf703-0x220000" : {
      "Text" : "[1;2C",
      "Action" : 10
    },
    "0xf701-0x240000" : {
      "Text" : "[1;5B",
      "Action" : 10
    },
    "0xf70d-0x20000" : {
      "Text" : "[21;2~",
      "Action" : 10
    },
    "0xf702-0x260000" : {
      "Text" : "[1;6D",
      "Action" : 10
    },
    "0xf729-0x40000" : {
      "Text" : "[1;5H",
      "Action" : 10
    },
    "0xf706-0x20000" : {
      "Text" : "[1;2R",
      "Action" : 10
    },
    "0x34-0x40000" : {
      "Text" : "0x1c",
      "Action" : 11
    },
    "0xf700-0x280000" : {
      "Text" : "0x1b 0x1b 0x5b 0x41",
      "Action" : 11
    },
    "0x2d-0x40000" : {
      "Text" : "0x1f",
      "Action" : 11
    },
    "0xf70e-0x20000" : {
      "Text" : "[23;2~",
      "Action" : 10
    },
    "0xf702-0x220000" : {
      "Text" : "[1;2D",
      "Action" : 10
    },
    "0xf703-0x280000" : {
      "Text" : "0x1b 0x1b 0x5b 0x43",
      "Action" : 11
    },
    "0xf700-0x240000" : {
      "Text" : "[1;5A",
      "Action" : 10
    },
    "0xf707-0x20000" : {
      "Text" : "[1;2S",
      "Action" : 10
    },
    "0xf70a-0x20000" : {
      "Text" : "[18;2~",
      "Action" : 10
    },
    "0x35-0x40000" : {
      "Text" : "0x1d",
      "Action" : 11
    },
    "0xf70f-0x20000" : {
      "Text" : "[24;2~",
      "Action" : 10
    },
    "0xf703-0x240000" : {
      "Text" : "[1;5C",
      "Action" : 10
    },
    "0xf701-0x260000" : {
      "Text" : "[1;6B",
      "Action" : 10
    },
    "0xf702-0x280000" : {
      "Text" : "0x1b 0x1b 0x5b 0x44",
      "Action" : 11
    },
    "0xf72b-0x20000" : {
      "Text" : "[1;2F",
      "Action" : 10
    },
    "0x36-0x40000" : {
      "Text" : "0x1e",
      "Action" : 11
    },
    "0xf708-0x20000" : {
      "Text" : "[15;2~",
      "Action" : 10
    },
    "0xf701-0x220000" : {
      "Text" : "[1;2B",
      "Action" : 10
    },
    "0xf70b-0x20000" : {
      "Text" : "[19;2~",
      "Action" : 10
    },
    "0xf702-0x240000" : {
      "Text" : "[1;5D",
      "Action" : 10
    },
    "0xf704-0x20000" : {
      "Text" : "[1;2P",
      "Action" : 10
    }
  },
  "Window Type" : 2,
  "Blink Allowed" : true,
  "Cursor Type" : 2,
  "Background Image Location" : "",
  "Blur" : false,
  "Badge Color" : {
    "Red Component" : 1,
    "Color Space" : "Calibrated",
    "Blue Component" : 0,
    "Alpha Component" : 0.5,
    "Green Component" : 0
  },
  "Scrollback Lines" : 1000,
  "Send Code When Idle" : false,
  "Close Sessions On End" : true,
  "Terminal Type" : "xterm-256color",
  "Visual Bell" : true,
  "Flashing Bell" : false,
  "Silence Bell" : false,
  "Ansi 14 Color" : {
    "Green Component" : 0.8030613687782806,
    "Blue Component" : 0.7418781538775704,
    "Red Component" : 0.3242448020991729
  },
  "Name" : "Default",
  "Cursor Text Color" : {
    "Green Component" : 0.155759260058403,
    "Blue Component" : 0.1937013864517212,
    "Red Component" : 0
  },
  "Open Toolbelt" : false,
  "Shortcut" : "",
  "Cursor Color" : {
    "Green Component" : 0.5096293091773987,
    "Blue Component" : 0.5168579816818237,
    "Red Component" : 0.4405802488327026
  },
  "Transparency" : 0,
  "Ansi 0 Color" : {
    "Green Component" : 0.5437990499592066,
    "Blue Component" : 0.5623232466063348,
    "Red Component" : 0.4894656162946865
  },
  "Horizontal Spacing" : 1,
  "Link Color" : {
    "Red Component" : 0.023,
    "Color Space" : "Calibrated",
    "Blue Component" : 0.678,
    "Alpha Component" : 1,
    "Green Component" : 0.27
  },
  "Ansi 2 Color" : {
    "Green Component" : 0.6064408936651584,
    "Blue Component" : 0.4153210075993339,
    "Red Component" : 0.4708972635329448
  },
  "Ansi 5 Color" : {
    "Green Component" : 0.3103061124064722,
    "Blue Component" : 0.3537642557711645,
    "Red Component" : 0.739925056561086
  },